{
  "accuracy": [
    0.218666672706604,
    0.2735777795314789,
    0.2930000126361847,
    0.30068889260292053,
    0.3002222180366516,
    0.2833999991416931,
    0.26251110434532166,
    0.2587999999523163,
    0.2449333369731903,
    0.23277777433395386,
    0.22975555062294006,
    0.23182222247123718,
    0.2212444394826889,
    0.21471111476421356,
    0.22259999811649323,
    0.21606667339801788,
    0.21542222797870636,
    0.22095555067062378,
    0.2175777703523636,
    0.21320000290870667,
    0.2200888842344284,
    0.22235555946826935,
    0.215622216463089,
    0.21359999477863312,
    0.21382221579551697
  ],
  "loss": [
    2.9146645069122314,
    2.159968376159668,
    2.098583936691284,
    2.1131937503814697,
    2.1543493270874023,
    2.3908066749572754,
    2.7370944023132324,
    2.96673583984375,
    3.457218647003174,
    4.326877593994141,
    4.761960983276367,
    4.89838981628418,
    5.852630615234375,
    6.9186882972717285,
    7.274611949920654,
    8.398221969604492,
    8.989485740661621,
    8.637751579284668,
    9.490407943725586,
    11.579261779785156,
    10.827550888061523,
    11.129007339477539,
    12.168661117553711,
    12.986124992370605,
    14.798624038696289
  ],
  "val_accuracy": [
    0.27379998564720154,
    0.2558000087738037,
    0.26759999990463257,
    0.29420000314712524,
    0.3181999921798706,
    0.2409999966621399,
    0.188400000333786,
    0.28780001401901245,
    0.20559999346733093,
    0.21799999475479126,
    0.24300000071525574,
    0.23100000619888306,
    0.23919999599456787,
    0.20260000228881836,
    0.22139999270439148,
    0.21559999883174896,
    0.227400004863739,
    0.241799995303154,
    0.17180000245571136,
    0.2337999939918518,
    0.23999999463558197,
    0.2298000007867813,
    0.2272000014781952,
    0.23199999332427979,
    0.20260000228881836
  ],
  "val_loss": [
    2.1170217990875244,
    2.1379361152648926,
    2.176974296569824,
    2.0861191749572754,
    1.9566941261291504,
    2.462318181991577,
    3.32035231590271,
    2.3371741771698,
    4.265524864196777,
    5.548968315124512,
    4.744894981384277,
    5.4028120040893555,
    6.7032036781311035,
    8.361917495727539,
    11.305838584899902,
    9.719036102294922,
    10.522101402282715,
    10.749666213989258,
    13.133920669555664,
    12.484848976135254,
    11.504517555236816,
    11.767656326293945,
    10.627827644348145,
    12.437812805175781,
    16.396709442138672
  ]
}